-- ITEM 1.3 DO EXECICIO

--CRIANDO AS SEQUENCIAS DAS TABELAS REFERENCIADAS NO EXECICIO

CREATE SEQUENCE SQ_CD_DEPTO
  INCREMENT BY 1 
  START WITH 1
  MAXVALUE 100 
  NOCACHE
  NOCYCLE;
 
CREATE SEQUENCE SQ_CD_FUNC
  INCREMENT BY 1 
  START WITH 1
  MAXVALUE 999 
  NOCACHE
  NOCYCLE; 
  
CREATE SEQUENCE SQ_CD_BAIRRO
  INCREMENT BY 1 
  START WITH 1
  MAXVALUE 9999 
  NOCACHE
  NOCYCLE;

CREATE SEQUENCE SQ_CD_LOGRADOURO
  INCREMENT BY 1 
  START WITH 1
  MAXVALUE 9999 
  NOCACHE
  NOCYCLE;  

CREATE SEQUENCE SQ_NR_CLIENTE
  INCREMENT BY 1 
  START WITH 1
  MAXVALUE 999999999 
  NOCACHE
  NOCYCLE;

CREATE SEQUENCE SQ_CD_CIDADE
  INCREMENT BY 1 
  START WITH 1
  MAXVALUE 99999999
  NOCACHE
  NOCYCLE;
  
CREATE SEQUENCE SQ_NR_SAC
  INCREMENT BY 1 
  START WITH 1
  MAXVALUE 999999999999999
  NOCACHE
  NOCYCLE;

CREATE SEQUENCE SQ_CD_CATEGORIA
  INCREMENT BY 1 
  START WITH 1
  MAXVALUE 999999999999999
  NOCACHE
  NOCYCLE;
  
CREATE SEQUENCE SQ_CD_PRODUTO
  INCREMENT BY 1 
  START WITH 1
  MAXVALUE 999999999
  NOCACHE
  NOCYCLE;

-- (A) - INSERINDO DEPARTAMENTOS
SELECT * FROM T_MC_DEPTO;

INSERT INTO T_MC_DEPTO (CD_DEPTO , NM_DEPTO, st_depto)
    VALUES (SQ_CD_DEPTO.NEXTVAL , 'COMERCIAL', 'A');
COMMIT;

INSERT INTO T_MC_DEPTO (CD_DEPTO , NM_DEPTO, st_depto)
    VALUES (SQ_CD_DEPTO.NEXTVAL , 'CONTABILIDADE', 'A');
COMMIT;

INSERT INTO T_MC_DEPTO (CD_DEPTO , NM_DEPTO, st_depto)
    VALUES (SQ_CD_DEPTO.NEXTVAL , 'ESTOQUE', 'A');
COMMIT;

INSERT INTO T_MC_DEPTO (CD_DEPTO , NM_DEPTO, st_depto)
    VALUES (SQ_CD_DEPTO.NEXTVAL , 'FINANCEIRO', 'A');
COMMIT;

INSERT INTO T_MC_DEPTO (CD_DEPTO , NM_DEPTO, st_depto)
    VALUES (SQ_CD_DEPTO.NEXTVAL , 'SAC', 'A');
COMMIT;

INSERT INTO T_MC_DEPTO (CD_DEPTO , NM_DEPTO, st_depto)
    VALUES (SQ_CD_DEPTO.NEXTVAL , 'RH', 'A');
COMMIT;

INSERT INTO T_MC_DEPTO (CD_DEPTO , NM_DEPTO, st_depto)
    VALUES (SQ_CD_DEPTO.NEXTVAL , 'TI', 'A');
COMMIT;

--(B)- INSERINDO FUNCIONARIOS

SELECT * FROM T_MC_FUNCIONARIO;

INSERT INTO T_MC_FUNCIONARIO
    (CD_FUNCIONARIO, CD_DEPTO,CD_GERENTE, 
     NM_FUNCIONARIO,DT_NASCIMENTO,
     FL_SEXO_BIOLOGICO,DS_GENERO,DS_CARGO,
     VL_SALARIO,DS_EMAIL,ST_FUNC,
     DT_CADASTRAMENTO,DT_DESLIGAMENTO)
    VALUES (SQ_CD_FUNC.NEXTVAL,1,NULL,
    'JOAO CARLOS BARROS',TO_DATE ('10/02/1982', 'DD/MM/YYYY'),
    NULL,'MASCULINO','GERENTE COMERCIAL',
    6755.00,NULL,'A',
    TO_DATE ('05/10/2019','DD/MM/YYYY'),NULL);
COMMIT;

INSERT INTO T_MC_FUNCIONARIO
    (CD_FUNCIONARIO, CD_DEPTO,CD_GERENTE, 
     NM_FUNCIONARIO,DT_NASCIMENTO,
     FL_SEXO_BIOLOGICO,DS_GENERO,DS_CARGO,
     VL_SALARIO,DS_EMAIL,ST_FUNC,
     DT_CADASTRAMENTO,DT_DESLIGAMENTO)
    VALUES (SQ_CD_FUNC.NEXTVAL,1,NULL,
    'MARIA DA SILVA',TO_DATE ('10/10/1990', 'DD/MM/YYYY'),
    NULL,'FEMININO','VENDEDOR',
    2472.00,NULL,'A',
    TO_DATE ('05/10/2019','DD/MM/YYYY'),NULL);
COMMIT;

INSERT INTO T_MC_FUNCIONARIO
    (CD_FUNCIONARIO, CD_DEPTO,CD_GERENTE, 
     NM_FUNCIONARIO,DT_NASCIMENTO,
     FL_SEXO_BIOLOGICO,DS_GENERO,DS_CARGO,
     VL_SALARIO,DS_EMAIL,ST_FUNC,
     DT_CADASTRAMENTO,DT_DESLIGAMENTO)
    VALUES (SQ_CD_FUNC.NEXTVAL,1,NULL,
    'BRUNA CHAVES MORENO',TO_DATE ('10/12/1987', 'DD/MM/YYYY'),
    NULL,'FEMININO','VENDEDOR',
    2472.00,NULL,'A',
    TO_DATE ('10/11/2019','DD/MM/YYYY'),NULL);
COMMIT;

INSERT INTO T_MC_FUNCIONARIO
    (CD_FUNCIONARIO, CD_DEPTO,CD_GERENTE, 
     NM_FUNCIONARIO,DT_NASCIMENTO,
     FL_SEXO_BIOLOGICO,DS_GENERO,DS_CARGO,
     VL_SALARIO,DS_EMAIL,ST_FUNC,
     DT_CADASTRAMENTO,DT_DESLIGAMENTO)
    VALUES (SQ_CD_FUNC.NEXTVAL,3,NULL,
    'TIAGO RODRIGUES',TO_DATE ('01/06/1990', 'DD/MM/YYYY'),
    NULL,'MASCULINO','COORDENADOR DE ESTOQUE',
    4715.00,NULL,'A',
    TO_DATE ('02/07/2020','DD/MM/YYYY'),NULL);
COMMIT;

INSERT INTO T_MC_FUNCIONARIO
    (CD_FUNCIONARIO, CD_DEPTO,CD_GERENTE, 
     NM_FUNCIONARIO,DT_NASCIMENTO,
     FL_SEXO_BIOLOGICO,DS_GENERO,DS_CARGO,
     VL_SALARIO,DS_EMAIL,ST_FUNC,
     DT_CADASTRAMENTO,DT_DESLIGAMENTO)
    VALUES (SQ_CD_FUNC.NEXTVAL,3,NULL,
    'JOAO MENDES',TO_DATE ('01/07/1992', 'DD/MM/YYYY'),
    NULL,'MASCULINO','AUXILIAR DE ESTOQUISTA',
    1715.00,NULL,'A',
    TO_DATE ('05/05/2021','DD/MM/YYYY'),NULL);
COMMIT;

INSERT INTO T_MC_FUNCIONARIO
    (CD_FUNCIONARIO, CD_DEPTO,CD_GERENTE, 
     NM_FUNCIONARIO,DT_NASCIMENTO,
     FL_SEXO_BIOLOGICO,DS_GENERO,DS_CARGO,
     VL_SALARIO,DS_EMAIL,ST_FUNC,
     DT_CADASTRAMENTO,DT_DESLIGAMENTO)
    VALUES (SQ_CD_FUNC.NEXTVAL,3,NULL,
    'BRUNO FARIA LIMA',TO_DATE ('01/10/1985', 'DD/MM/YYYY'),
    NULL,'MASCULINO','ESTOQUISTA',
    2315.00,NULL,'A',
    TO_DATE ('05/05/2021','DD/MM/YYYY'),NULL);
COMMIT;

INSERT INTO T_MC_FUNCIONARIO
    (CD_FUNCIONARIO, CD_DEPTO,CD_GERENTE, 
     NM_FUNCIONARIO,DT_NASCIMENTO,
     FL_SEXO_BIOLOGICO,DS_GENERO,DS_CARGO,
     VL_SALARIO,DS_EMAIL,ST_FUNC,
     DT_CADASTRAMENTO,DT_DESLIGAMENTO)
    VALUES (SQ_CD_FUNC.NEXTVAL,6,NULL,
    'PATRICIA OLIVEIRA NUNES',TO_DATE ('13/12/1981', 'DD/MM/YYYY'),
    NULL,'FEMINIMO','GERENTE DE RH',
    7560.00,NULL,'A',
    TO_DATE ('05/01/2020','DD/MM/YYYY'),NULL);
COMMIT;

INSERT INTO T_MC_FUNCIONARIO
    (CD_FUNCIONARIO, CD_DEPTO,CD_GERENTE, 
     NM_FUNCIONARIO,DT_NASCIMENTO,
     FL_SEXO_BIOLOGICO,DS_GENERO,DS_CARGO,
     VL_SALARIO,DS_EMAIL,ST_FUNC,
     DT_CADASTRAMENTO,DT_DESLIGAMENTO)
    VALUES (SQ_CD_FUNC.NEXTVAL,6,NULL,
    'PAULO RIBEIRO',TO_DATE ('21/12/1978', 'DD/MM/YYYY'),
    NULL,'MASCULINO','COORDENADOR DE RH',
    5460.00,NULL,'A',
    TO_DATE ('05/03/2021','DD/MM/YYYY'),NULL);
COMMIT;

INSERT INTO T_MC_FUNCIONARIO
    (CD_FUNCIONARIO, CD_DEPTO,CD_GERENTE, 
     NM_FUNCIONARIO,DT_NASCIMENTO,
     FL_SEXO_BIOLOGICO,DS_GENERO,DS_CARGO,
     VL_SALARIO,DS_EMAIL,ST_FUNC,
     DT_CADASTRAMENTO,DT_DESLIGAMENTO)
    VALUES (SQ_CD_FUNC.NEXTVAL,6,NULL,
    'GILDA AMORIM RODRIGUES',TO_DATE ('13/12/1981', 'DD/MM/YYYY'),
    NULL,'FEMINIMO','ANALISTA DE RH',
    3560.00,NULL,'A',
    TO_DATE ('05/06/2019','DD/MM/YYYY'),NULL);
COMMIT;

INSERT INTO T_MC_FUNCIONARIO
    (CD_FUNCIONARIO, CD_DEPTO,CD_GERENTE, 
     NM_FUNCIONARIO,DT_NASCIMENTO,
     FL_SEXO_BIOLOGICO,DS_GENERO,DS_CARGO,
     VL_SALARIO,DS_EMAIL,ST_FUNC,
     DT_CADASTRAMENTO,DT_DESLIGAMENTO)
    VALUES (SQ_CD_FUNC.NEXTVAL,2,NULL,
    'DANIELA BARBOSA RIBEIRO',TO_DATE ('13/12/1985', 'DD/MM/YYYY'),
    NULL,'FEMINIMO','ANALISTA CONTABIL',
    3560.00,NULL,'A',
    TO_DATE ('05/12/2019','DD/MM/YYYY'),NULL);
COMMIT;

INSERT INTO T_MC_FUNCIONARIO
    (CD_FUNCIONARIO, CD_DEPTO,CD_GERENTE, 
     NM_FUNCIONARIO,DT_NASCIMENTO,
     FL_SEXO_BIOLOGICO,DS_GENERO,DS_CARGO,
     VL_SALARIO,DS_EMAIL,ST_FUNC,
     DT_CADASTRAMENTO,DT_DESLIGAMENTO)
    VALUES (SQ_CD_FUNC.NEXTVAL,2,NULL,
    'KLEBER OLIVEIRA CHAVES',TO_DATE ('13/04/1980', 'DD/MM/YYYY'),
    NULL,'MASCULINO','AUXILIAR CONTABIL',
    2590.00,NULL,'A',
    TO_DATE ('05/12/2019','DD/MM/YYYY'),NULL);
COMMIT;

INSERT INTO T_MC_FUNCIONARIO
    (CD_FUNCIONARIO, CD_DEPTO,CD_GERENTE, 
     NM_FUNCIONARIO,DT_NASCIMENTO,
     FL_SEXO_BIOLOGICO,DS_GENERO,DS_CARGO,
     VL_SALARIO,DS_EMAIL,ST_FUNC,
     DT_CADASTRAMENTO,DT_DESLIGAMENTO)
    VALUES (SQ_CD_FUNC.NEXTVAL,4,NULL,
    'LUCIANO PIRES',TO_DATE ('18/07/1970', 'DD/MM/YYYY'),
    NULL,'MASCULINO','GERENTE FINANCEIRO',
    6590.00,NULL,'A',
    TO_DATE ('05/08/2021','DD/MM/YYYY'),NULL);
COMMIT;

INSERT INTO T_MC_FUNCIONARIO
    (CD_FUNCIONARIO, CD_DEPTO,CD_GERENTE, 
     NM_FUNCIONARIO,DT_NASCIMENTO,
     FL_SEXO_BIOLOGICO,DS_GENERO,DS_CARGO,
     VL_SALARIO,DS_EMAIL,ST_FUNC,
     DT_CADASTRAMENTO,DT_DESLIGAMENTO)
    VALUES (SQ_CD_FUNC.NEXTVAL,4,NULL,
    'JOAO MORAES DA SILVA',TO_DATE ('18/07/1970', 'DD/MM/YYYY'),
    NULL,'MASCULINO','ANALISTA FINANCEIRO',
    3580.00,NULL,'A',
    TO_DATE ('05/10/2019','DD/MM/YYYY'),NULL);
COMMIT;

INSERT INTO T_MC_FUNCIONARIO
    (CD_FUNCIONARIO, CD_DEPTO,CD_GERENTE, 
     NM_FUNCIONARIO,DT_NASCIMENTO,
     FL_SEXO_BIOLOGICO,DS_GENERO,DS_CARGO,
     VL_SALARIO,DS_EMAIL,ST_FUNC,
     DT_CADASTRAMENTO,DT_DESLIGAMENTO)
    VALUES (SQ_CD_FUNC.NEXTVAL,4,NULL,
    'KAREM DE SOUZA MATOS',TO_DATE ('12/01/1989', 'DD/MM/YYYY'),
    NULL,'FEMININO','AUXILIAR FINANCEIRO',
    2490.00,NULL,'A',
    TO_DATE ('05/10/2019','DD/MM/YYYY'),NULL);
COMMIT;

INSERT INTO T_MC_FUNCIONARIO
    (CD_FUNCIONARIO, CD_DEPTO,CD_GERENTE, 
     NM_FUNCIONARIO,DT_NASCIMENTO,
     FL_SEXO_BIOLOGICO,DS_GENERO,DS_CARGO,
     VL_SALARIO,DS_EMAIL,ST_FUNC,
     DT_CADASTRAMENTO,DT_DESLIGAMENTO)
    VALUES (SQ_CD_FUNC.NEXTVAL,5,NULL,
    'PAMELA GONÇALVES DA SILVA',TO_DATE ('12/01/1992', 'DD/MM/YYYY'),
    NULL,'FEMININO','ATENDENTE DE SAC',
    2290.00,NULL,'A',
    TO_DATE ('05/09/2021','DD/MM/YYYY'),NULL);
COMMIT;

INSERT INTO T_MC_FUNCIONARIO
    (CD_FUNCIONARIO, CD_DEPTO,CD_GERENTE, 
     NM_FUNCIONARIO,DT_NASCIMENTO,
     FL_SEXO_BIOLOGICO,DS_GENERO,DS_CARGO,
     VL_SALARIO,DS_EMAIL,ST_FUNC,
     DT_CADASTRAMENTO,DT_DESLIGAMENTO)
    VALUES (SQ_CD_FUNC.NEXTVAL,5,NULL,
    'TIAGO RODRIGUES LIMA',TO_DATE ('21/03/1990', 'DD/MM/YYYY'),
    NULL,'MASCULINO','ATENDENTE DE SAC',
    2290.00,NULL,'A',
    TO_DATE ('05/09/2021','DD/MM/YYYY'),NULL);
COMMIT;

INSERT INTO T_MC_FUNCIONARIO
    (CD_FUNCIONARIO, CD_DEPTO,CD_GERENTE, 
     NM_FUNCIONARIO,DT_NASCIMENTO,
     FL_SEXO_BIOLOGICO,DS_GENERO,DS_CARGO,
     VL_SALARIO,DS_EMAIL,ST_FUNC,
     DT_CADASTRAMENTO,DT_DESLIGAMENTO)
    VALUES (SQ_CD_FUNC.NEXTVAL,5,NULL,
    'TAINA DA SILVA XAVIER',TO_DATE ('19/12/1992', 'DD/MM/YYYY'),
    NULL,'FEMININO','ATENDENTE DE SAC',
    2290.00,NULL,'A',
    TO_DATE ('05/01/2022','DD/MM/YYYY'),NULL);
COMMIT;

INSERT INTO T_MC_FUNCIONARIO
    (CD_FUNCIONARIO, CD_DEPTO,CD_GERENTE, 
     NM_FUNCIONARIO,DT_NASCIMENTO,
     FL_SEXO_BIOLOGICO,DS_GENERO,DS_CARGO,
     VL_SALARIO,DS_EMAIL,ST_FUNC,
     DT_CADASTRAMENTO,DT_DESLIGAMENTO)
    VALUES (SQ_CD_FUNC.NEXTVAL,7,NULL,
    'RICARDO CARVALHO SOUSA',TO_DATE ('30/01/1970', 'DD/MM/YYYY'),
    NULL,'MASCULINO','GERENTE DE TI',
    9290.00,NULL,'A',
    TO_DATE ('05/02/2022','DD/MM/YYYY'),NULL);
COMMIT;

INSERT INTO T_MC_FUNCIONARIO
    (CD_FUNCIONARIO, CD_DEPTO,CD_GERENTE, 
     NM_FUNCIONARIO,DT_NASCIMENTO,
     FL_SEXO_BIOLOGICO,DS_GENERO,DS_CARGO,
     VL_SALARIO,DS_EMAIL,ST_FUNC,
     DT_CADASTRAMENTO,DT_DESLIGAMENTO)
    VALUES (SQ_CD_FUNC.NEXTVAL,7,NULL,
    'FABIO SOUZA MATOS',TO_DATE ('25/07/1996', 'DD/MM/YYYY'),
    NULL,'MASCULINO','ANALISTA DE SUPORTE',
    5360.00,NULL,'A',
    TO_DATE ('02/08/2019','DD/MM/YYYY'),NULL);
COMMIT;

INSERT INTO T_MC_FUNCIONARIO
    (CD_FUNCIONARIO, CD_DEPTO,CD_GERENTE, 
     NM_FUNCIONARIO,DT_NASCIMENTO,
     FL_SEXO_BIOLOGICO,DS_GENERO,DS_CARGO,
     VL_SALARIO,DS_EMAIL,ST_FUNC,
     DT_CADASTRAMENTO,DT_DESLIGAMENTO)
    VALUES (SQ_CD_FUNC.NEXTVAL,7,NULL,
    'ISABELA LIMA VIEIRA',TO_DATE ('15/03/1995', 'DD/MM/YYYY'),
    NULL,'FEMININO','TECNICO DE REDES',
    3690.00,NULL,'A',
    TO_DATE ('05/07/2019','DD/MM/YYYY'),NULL);
COMMIT;

--(C)- INSERINDO ESTADOS

select * from T_MC_ESTADO;

INSERT INTO T_MC_ESTADO (SG_ESTADO,NM_ESTADO)  VALUES ('AC','ACRE');
COMMIT;
INSERT INTO T_MC_ESTADO (SG_ESTADO,NM_ESTADO)  VALUES ('AL','ALAGOAS'); 
COMMIT;		 	
INSERT INTO T_MC_ESTADO (SG_ESTADO,NM_ESTADO)  VALUES ('AP','AMAPA');	
COMMIT;			
INSERT INTO T_MC_ESTADO (SG_ESTADO,NM_ESTADO)  VALUES ('AM','AMAZONAS');	
COMMIT;		
INSERT INTO T_MC_ESTADO (SG_ESTADO,NM_ESTADO)  VALUES ('BA','BAHIA'); 	
COMMIT;			
INSERT INTO T_MC_ESTADO (SG_ESTADO,NM_ESTADO)  VALUES ('CE','CEARA'); 
COMMIT;				
INSERT INTO T_MC_ESTADO (SG_ESTADO,NM_ESTADO)  VALUES ('DF','DISTRITO FEDERAL'); 	
COMMIT;
INSERT INTO T_MC_ESTADO (SG_ESTADO,NM_ESTADO)  VALUES ('ES','ESPIRITO SANTO'); 		
COMMIT;
INSERT INTO T_MC_ESTADO (SG_ESTADO,NM_ESTADO)  VALUES ('GO','GOIAS'); 	
COMMIT;			
INSERT INTO T_MC_ESTADO (SG_ESTADO,NM_ESTADO)  VALUES ('MA','MARANHAO'); 
COMMIT;			
INSERT INTO T_MC_ESTADO (SG_ESTADO,NM_ESTADO)  VALUES ('MT','MATO GROSSO'); 
COMMIT;		
INSERT INTO T_MC_ESTADO (SG_ESTADO,NM_ESTADO)  VALUES ('MS','MATO GROSSO DO SUL'); 
COMMIT;	
INSERT INTO T_MC_ESTADO (SG_ESTADO,NM_ESTADO)  VALUES ('MG','MINAS GERAIS'); 	
COMMIT;	
INSERT INTO T_MC_ESTADO (SG_ESTADO,NM_ESTADO)  VALUES ('PA','PARA'); 	
COMMIT;			
INSERT INTO T_MC_ESTADO (SG_ESTADO,NM_ESTADO)  VALUES ('PB','PARAIBA'); 
COMMIT;			
INSERT INTO T_MC_ESTADO (SG_ESTADO,NM_ESTADO)  VALUES ('PR','PARANA');
COMMIT; 				
INSERT INTO T_MC_ESTADO (SG_ESTADO,NM_ESTADO)  VALUES ('PE','PERNAMBUCO'); 	
COMMIT;		
INSERT INTO T_MC_ESTADO (SG_ESTADO,NM_ESTADO)  VALUES ('PI','PIAUI'); 	
COMMIT;			
INSERT INTO T_MC_ESTADO (SG_ESTADO,NM_ESTADO)  VALUES ('RJ','RIO DE JANEIRO'); 	
COMMIT;	
INSERT INTO T_MC_ESTADO (SG_ESTADO,NM_ESTADO)  VALUES ('RN','RIO GRANDE DO NORTE'); 
COMMIT;
INSERT INTO T_MC_ESTADO (SG_ESTADO,NM_ESTADO)  VALUES ('RS','RIO GRANDE DO SUL'); 	
COMMIT;
INSERT INTO T_MC_ESTADO (SG_ESTADO,NM_ESTADO)  VALUES ('RO','RONDONIA'); 		
COMMIT;	
INSERT INTO T_MC_ESTADO (SG_ESTADO,NM_ESTADO)  VALUES ('RR','RORAIMA'); 
COMMIT;			
INSERT INTO T_MC_ESTADO (SG_ESTADO,NM_ESTADO)  VALUES ('SC','SANTA CATARINA'); 	
COMMIT;	
INSERT INTO T_MC_ESTADO (SG_ESTADO,NM_ESTADO)  VALUES ('SP','SAO PAULO'); 
COMMIT;			
INSERT INTO T_MC_ESTADO (SG_ESTADO,NM_ESTADO)  VALUES ('SE','SERGIPE'); 	
COMMIT;		
INSERT INTO T_MC_ESTADO (SG_ESTADO,NM_ESTADO)  VALUES ('TO','TOCANTINS'); 	
COMMIT;


-- (C) INSERINDO CIDADES

SELECT * FROM T_MC_CIDADE;

INSERT INTO T_MC_CIDADE
    (CD_CIDADE, SG_ESTADO ,NM_CIDADE, 
     CD_IBGE,NR_DDD)
    VALUES (SQ_CD_CIDADE.NEXTVAL,'SP','OSASCO',3534401,011);
COMMIT;

INSERT INTO T_MC_CIDADE
    (CD_CIDADE, SG_ESTADO ,NM_CIDADE, 
     CD_IBGE,NR_DDD)
    VALUES (SQ_CD_CIDADE.NEXTVAL,'SP','GUARULHOS',3518800,011);
COMMIT;

INSERT INTO T_MC_CIDADE
    (CD_CIDADE, SG_ESTADO ,NM_CIDADE, 
     CD_IBGE,NR_DDD)
    VALUES (SQ_CD_CIDADE.NEXTVAL,'SP','CAMPINAS',3509502,019);
COMMIT;

INSERT INTO T_MC_CIDADE
    (CD_CIDADE, SG_ESTADO ,NM_CIDADE, 
     CD_IBGE,NR_DDD)
    VALUES (SQ_CD_CIDADE.NEXTVAL,'MG','BELO HORIZONTE',3106200,031);
COMMIT;

INSERT INTO T_MC_CIDADE
    (CD_CIDADE, SG_ESTADO ,NM_CIDADE, 
     CD_IBGE,NR_DDD)
    VALUES (SQ_CD_CIDADE.NEXTVAL,'MG','UBERLANDIA',3170206,034);
COMMIT;

INSERT INTO T_MC_CIDADE
    (CD_CIDADE, SG_ESTADO ,NM_CIDADE, 
     CD_IBGE,NR_DDD)
    VALUES (SQ_CD_CIDADE.NEXTVAL,'MG','CONTAGEM',3118601,031);
COMMIT;

INSERT INTO T_MC_CIDADE
    (CD_CIDADE, SG_ESTADO ,NM_CIDADE, 
     CD_IBGE,NR_DDD)
    VALUES (SQ_CD_CIDADE.NEXTVAL,'RJ','RIO DE JANEIRO',3304557,021);
COMMIT;

INSERT INTO T_MC_CIDADE
    (CD_CIDADE, SG_ESTADO ,NM_CIDADE, 
     CD_IBGE,NR_DDD)
    VALUES (SQ_CD_CIDADE.NEXTVAL,'RJ','NITEROI',3303302,021);
COMMIT;

INSERT INTO T_MC_CIDADE
    (CD_CIDADE, SG_ESTADO ,NM_CIDADE, 
     CD_IBGE,NR_DDD)
    VALUES (SQ_CD_CIDADE.NEXTVAL,'RJ','ANGRA DOS REIS',3300100,024);
COMMIT;

INSERT INTO T_MC_CIDADE
    (CD_CIDADE, SG_ESTADO ,NM_CIDADE, 
     CD_IBGE,NR_DDD)
    VALUES (SQ_CD_CIDADE.NEXTVAL,'CE','FORTALEZA',2304400,085);
COMMIT;

INSERT INTO T_MC_CIDADE
    (CD_CIDADE, SG_ESTADO ,NM_CIDADE, 
     CD_IBGE,NR_DDD)
    VALUES (SQ_CD_CIDADE.NEXTVAL,'SC','CRICIUMA',4204608,048);
COMMIT;

INSERT INTO T_MC_CIDADE
    (CD_CIDADE, SG_ESTADO ,NM_CIDADE, 
     CD_IBGE,NR_DDD)
    VALUES (SQ_CD_CIDADE.NEXTVAL,'RS','PORTO ALEGRE',4314902,051);
COMMIT;

INSERT INTO T_MC_CIDADE
    (CD_CIDADE, SG_ESTADO ,NM_CIDADE, 
     CD_IBGE,NR_DDD)
    VALUES (SQ_CD_CIDADE.NEXTVAL,'ES','LINHARES',3203205,027);
COMMIT;

INSERT INTO T_MC_CIDADE
    (CD_CIDADE, SG_ESTADO ,NM_CIDADE, 
     CD_IBGE,NR_DDD)
    VALUES (SQ_CD_CIDADE.NEXTVAL,'SC','FLORIANOPOLIS',4205407,048);
COMMIT;

INSERT INTO T_MC_CIDADE
    (CD_CIDADE, SG_ESTADO ,NM_CIDADE, 
     CD_IBGE,NR_DDD)
    VALUES (SQ_CD_CIDADE.NEXTVAL,'ES','SERRA',3205002,027);
COMMIT;

INSERT INTO T_MC_CIDADE
    (CD_CIDADE, SG_ESTADO ,NM_CIDADE, 
     CD_IBGE,NR_DDD)
    VALUES (SQ_CD_CIDADE.NEXTVAL,'DF','BRASILIA',5300108,055);
COMMIT;

INSERT INTO T_MC_CIDADE
    (CD_CIDADE, SG_ESTADO ,NM_CIDADE, 
     CD_IBGE,NR_DDD)
    VALUES (SQ_CD_CIDADE.NEXTVAL,'MT','VARZEA GRANDE',5108402 ,065);
COMMIT;

INSERT INTO T_MC_CIDADE
    (CD_CIDADE, SG_ESTADO ,NM_CIDADE, 
     CD_IBGE,NR_DDD)
    VALUES (SQ_CD_CIDADE.NEXTVAL,'PR','COLOMBO',4105805 ,041);
COMMIT;

INSERT INTO T_MC_CIDADE
    (CD_CIDADE, SG_ESTADO ,NM_CIDADE, 
     CD_IBGE,NR_DDD)
    VALUES (SQ_CD_CIDADE.NEXTVAL,'RS','CAXIAS DO SUL',4305108 ,054);
COMMIT;

INSERT INTO T_MC_CIDADE
    (CD_CIDADE, SG_ESTADO ,NM_CIDADE, 
     CD_IBGE,NR_DDD)
    VALUES (SQ_CD_CIDADE.NEXTVAL,'PE','RECIFE',2611606 ,081);
COMMIT;

INSERT INTO T_MC_CIDADE
    (CD_CIDADE, SG_ESTADO ,NM_CIDADE, 
     CD_IBGE,NR_DDD)
    VALUES (SQ_CD_CIDADE.NEXTVAL,'GO','ANAPOLIS',5201108 ,062);
COMMIT;

INSERT INTO T_MC_CIDADE
    (CD_CIDADE, SG_ESTADO ,NM_CIDADE, 
     CD_IBGE,NR_DDD)
    VALUES (SQ_CD_CIDADE.NEXTVAL,'PA','MARITUBA',1504422 ,091);
COMMIT;

INSERT INTO T_MC_CIDADE
    (CD_CIDADE, SG_ESTADO ,NM_CIDADE, 
     CD_IBGE,NR_DDD)
    VALUES (SQ_CD_CIDADE.NEXTVAL,'BA','BARRA DO CHOCA',2902906 ,077);
COMMIT;

INSERT INTO T_MC_CIDADE
    (CD_CIDADE, SG_ESTADO ,NM_CIDADE, 
     CD_IBGE,NR_DDD)
    VALUES (SQ_CD_CIDADE.NEXTVAL,'RO','PORTO VELHO',1100205 ,069);
COMMIT;

INSERT INTO T_MC_CIDADE
    (CD_CIDADE, SG_ESTADO ,NM_CIDADE, 
     CD_IBGE,NR_DDD)
    VALUES (SQ_CD_CIDADE.NEXTVAL,'MS','CAMPO GRANDE',5002704 ,067);
COMMIT;


-- (C) INSERINDO BAIRROS

select *from T_MC_BAIRRO

INSERT INTO T_MC_BAIRRO
    (CD_BAIRRO, CD_CIDADE ,NM_BAIRRO,NM_ZONA_BAIRRO)
    VALUES (SQ_CD_BAIRRO.NEXTVAL,11,'NOSSA SENHORA',NULL);
COMMIT;

INSERT INTO T_MC_BAIRRO
    (CD_BAIRRO, CD_CIDADE ,NM_BAIRRO,NM_ZONA_BAIRRO)
    VALUES (SQ_CD_BAIRRO.NEXTVAL,12,'FLORESTA',NULL);
COMMIT;

INSERT INTO T_MC_BAIRRO
    (CD_BAIRRO, CD_CIDADE ,NM_BAIRRO,NM_ZONA_BAIRRO)
    VALUES (SQ_CD_BAIRRO.NEXTVAL,14,'CENTRO',NULL);
COMMIT;

INSERT INTO T_MC_BAIRRO
    (CD_BAIRRO, CD_CIDADE ,NM_BAIRRO,NM_ZONA_BAIRRO)
    VALUES (SQ_CD_BAIRRO.NEXTVAL,15,'TAQUARA',NULL);
COMMIT;

INSERT INTO T_MC_BAIRRO
    (CD_BAIRRO, CD_CIDADE ,NM_BAIRRO,NM_ZONA_BAIRRO)
    VALUES (SQ_CD_BAIRRO.NEXTVAL,13,'CENTRO',NULL);
COMMIT;

INSERT INTO T_MC_BAIRRO
    (CD_BAIRRO, CD_CIDADE ,NM_BAIRRO,NM_ZONA_BAIRRO)
    VALUES (SQ_CD_BAIRRO.NEXTVAL,17,'CRISTO REI',NULL);
COMMIT;

INSERT INTO T_MC_BAIRRO
    (CD_BAIRRO, CD_CIDADE ,NM_BAIRRO,NM_ZONA_BAIRRO)
    VALUES (SQ_CD_BAIRRO.NEXTVAL,18,'COLONIA FARIA',NULL);
COMMIT;

INSERT INTO T_MC_BAIRRO
    (CD_BAIRRO, CD_CIDADE ,NM_BAIRRO,NM_ZONA_BAIRRO)
    VALUES (SQ_CD_BAIRRO.NEXTVAL,16,'ASA SUL',NULL);
COMMIT;

INSERT INTO T_MC_BAIRRO
    (CD_BAIRRO, CD_CIDADE ,NM_BAIRRO,NM_ZONA_BAIRRO)
    VALUES (SQ_CD_BAIRRO.NEXTVAL,20,'VARZEA',NULL);
COMMIT;

INSERT INTO T_MC_BAIRRO
    (CD_BAIRRO, CD_CIDADE ,NM_BAIRRO,NM_ZONA_BAIRRO)
    VALUES (SQ_CD_BAIRRO.NEXTVAL,21,'SETOR CENTRO OESTE',NULL);
COMMIT;

INSERT INTO T_MC_BAIRRO
    (CD_BAIRRO, CD_CIDADE ,NM_BAIRRO,NM_ZONA_BAIRRO)
    VALUES (SQ_CD_BAIRRO.NEXTVAL,23,'CENTRO',NULL);
COMMIT;

INSERT INTO T_MC_BAIRRO
    (CD_BAIRRO, CD_CIDADE ,NM_BAIRRO,NM_ZONA_BAIRRO)
    VALUES (SQ_CD_BAIRRO.NEXTVAL,24,'DISTRITO DEABUMA',NULL);
COMMIT;

INSERT INTO T_MC_BAIRRO
    (CD_BAIRRO, CD_CIDADE ,NM_BAIRRO,NM_ZONA_BAIRRO)
    VALUES (SQ_CD_BAIRRO.NEXTVAL,25,'JARDIM PARADISO',NULL);
COMMIT;

INSERT INTO T_MC_BAIRRO
    (CD_BAIRRO, CD_CIDADE ,NM_BAIRRO,NM_ZONA_BAIRRO)
    VALUES (SQ_CD_BAIRRO.NEXTVAL,22,'DECOUVILE',NULL);
COMMIT;

INSERT INTO T_MC_BAIRRO
    (CD_BAIRRO, CD_CIDADE ,NM_BAIRRO,NM_ZONA_BAIRRO)
    VALUES (SQ_CD_BAIRRO.NEXTVAL,19,'PIONEIRO',NULL);
COMMIT;

INSERT INTO T_MC_BAIRRO
    (CD_BAIRRO, CD_CIDADE ,NM_BAIRRO,NM_ZONA_BAIRRO)
    VALUES (SQ_CD_BAIRRO.NEXTVAL,1,'JD.ORIENTAL',NULL);
COMMIT;
    
INSERT INTO T_MC_BAIRRO
    (CD_BAIRRO, CD_CIDADE ,NM_BAIRRO,NM_ZONA_BAIRRO)
    VALUES (SQ_CD_BAIRRO.NEXTVAL,1,'JAGUARIBE',NULL);
COMMIT;

INSERT INTO T_MC_BAIRRO
    (CD_BAIRRO, CD_CIDADE ,NM_BAIRRO,NM_ZONA_BAIRRO)
    VALUES (SQ_CD_BAIRRO.NEXTVAL,1,'NOVO OSASCO',NULL);
COMMIT;

INSERT INTO T_MC_BAIRRO
    (CD_BAIRRO, CD_CIDADE ,NM_BAIRRO,NM_ZONA_BAIRRO)
    VALUES (SQ_CD_BAIRRO.NEXTVAL,2,'JD.PALMIRA',NULL);
COMMIT;

INSERT INTO T_MC_BAIRRO
    (CD_BAIRRO, CD_CIDADE ,NM_BAIRRO,NM_ZONA_BAIRRO)
    VALUES (SQ_CD_BAIRRO.NEXTVAL,4,'VILA TIROL',NULL);
COMMIT;

INSERT INTO T_MC_BAIRRO
    (CD_BAIRRO, CD_CIDADE ,NM_BAIRRO,NM_ZONA_BAIRRO)
    VALUES (SQ_CD_BAIRRO.NEXTVAL,7,'PADRE MIGUEL',NULL);
COMMIT;

INSERT INTO T_MC_BAIRRO
    (CD_BAIRRO, CD_CIDADE ,NM_BAIRRO,NM_ZONA_BAIRRO)
    VALUES (SQ_CD_BAIRRO.NEXTVAL,7,'COSTA BARROS',NULL);
COMMIT;

-- (C) INSERINDO ENDEREÇOS

SELECT * FROM T_MC_LOGRADOURO;

INSERT INTO T_MC_LOGRADOURO
    (CD_LOGRADOURO,CD_BAIRRO,NM_LOGRADOURO,NR_CEP)
    VALUES(SQ_CD_LOGRADOURO.NEXTVAL,10,'AV. HERACLITO',60140061);
COMMIT;

INSERT INTO T_MC_LOGRADOURO
    (CD_LOGRADOURO,CD_BAIRRO,NM_LOGRADOURO,NR_CEP)
    VALUES(SQ_CD_LOGRADOURO.NEXTVAL,10,'RUA HUMBERTO FREITAS',8809740);
COMMIT;

INSERT INTO T_MC_LOGRADOURO
    (CD_LOGRADOURO,CD_BAIRRO,NM_LOGRADOURO,NR_CEP)
    VALUES(SQ_CD_LOGRADOURO.NEXTVAL,11,'AV.DO CENTENARIO',88815900);
COMMIT;

INSERT INTO T_MC_LOGRADOURO
    (CD_LOGRADOURO,CD_BAIRRO,NM_LOGRADOURO,NR_CEP)
    VALUES(SQ_CD_LOGRADOURO.NEXTVAL,12,'AV. CRISTOVAO COLOMBO',90560970);
COMMIT;

INSERT INTO T_MC_LOGRADOURO
    (CD_LOGRADOURO,CD_BAIRRO,NM_LOGRADOURO,NR_CEP)
    VALUES(SQ_CD_LOGRADOURO.NEXTVAL,13,'AV. CELETE FAE',29900524);
COMMIT;

INSERT INTO T_MC_LOGRADOURO
    (CD_LOGRADOURO,CD_BAIRRO,NM_LOGRADOURO,NR_CEP)
    VALUES(SQ_CD_LOGRADOURO.NEXTVAL,13,'AV. VITORIA',29900084);
COMMIT;

INSERT INTO T_MC_LOGRADOURO
    (CD_LOGRADOURO,CD_BAIRRO,NM_LOGRADOURO,NR_CEP)
    VALUES(SQ_CD_LOGRADOURO.NEXTVAL,14,'RUA ADOLFO MEL0',88015090);
COMMIT;

INSERT INTO T_MC_LOGRADOURO
    (CD_LOGRADOURO,CD_BAIRRO,NM_LOGRADOURO,NR_CEP)
    VALUES(SQ_CD_LOGRADOURO.NEXTVAL,15,'RUA SAMUEL MEIRA BRASIL',88015090);
COMMIT;

INSERT INTO T_MC_LOGRADOURO
    (CD_LOGRADOURO,CD_BAIRRO,NM_LOGRADOURO,NR_CEP)
    VALUES(SQ_CD_LOGRADOURO.NEXTVAL,16,'SBS QUADRA 4',7009290);
COMMIT;

INSERT INTO T_MC_LOGRADOURO
    (CD_LOGRADOURO,CD_BAIRRO,NM_LOGRADOURO,NR_CEP)
    VALUES(SQ_CD_LOGRADOURO.NEXTVAL,17,'VISCONDE DE NACAR',80410201);
COMMIT;

INSERT INTO T_MC_LOGRADOURO
    (CD_LOGRADOURO,CD_BAIRRO,NM_LOGRADOURO,NR_CEP)
    VALUES(SQ_CD_LOGRADOURO.NEXTVAL,19,'VIA TRENTO',95701720);
COMMIT;

INSERT INTO T_MC_LOGRADOURO
    (CD_LOGRADOURO,CD_BAIRRO,NM_LOGRADOURO,NR_CEP)
    VALUES(SQ_CD_LOGRADOURO.NEXTVAL,1,'RUA DA FRATERNIDADE',06033420);
COMMIT;
    
INSERT INTO T_MC_LOGRADOURO
    (CD_LOGRADOURO,CD_BAIRRO,NM_LOGRADOURO,NR_CEP)
    VALUES(SQ_CD_LOGRADOURO.NEXTVAL,2,'RUA PRIMO FREZZAR',06065210);
COMMIT;

INSERT INTO T_MC_LOGRADOURO
    (CD_LOGRADOURO,CD_BAIRRO,NM_LOGRADOURO,NR_CEP)
    VALUES(SQ_CD_LOGRADOURO.NEXTVAL,3,'RUA ESTRELA',06045420);
COMMIT;

INSERT INTO T_MC_LOGRADOURO
    (CD_LOGRADOURO,CD_BAIRRO,NM_LOGRADOURO,NR_CEP)
    VALUES(SQ_CD_LOGRADOURO.NEXTVAL,6,'RUA OITO',21721490);
COMMIT;

INSERT INTO T_MC_LOGRADOURO
    (CD_LOGRADOURO,CD_BAIRRO,NM_LOGRADOURO,NR_CEP)
    VALUES(SQ_CD_LOGRADOURO.NEXTVAL,7,'AV DOUTOR  AFONSO VERGUEIRO',18040000);
COMMIT;

INSERT INTO T_MC_LOGRADOURO
    (CD_LOGRADOURO,CD_BAIRRO,NM_LOGRADOURO,NR_CEP)
    VALUES(SQ_CD_LOGRADOURO.NEXTVAL,4,'FLORINDA MARTINS BARBOSA',7076100);
COMMIT;

INSERT INTO T_MC_LOGRADOURO
    (CD_LOGRADOURO,CD_BAIRRO,NM_LOGRADOURO,NR_CEP)
    VALUES(SQ_CD_LOGRADOURO.NEXTVAL,5,'RUA CUIABA',30660598);
COMMIT;

SELECT *FROM T_MC_LOGRADOURO

-- (D) - INSERINDO CADASTRO ENDEREÇO FUNCIONARIO

SELECT * FROM T_MC_END_FUNC;

INSERT INTO T_MC_END_FUNC
   (CD_FUNCIONARIO,CD_LOGRADOURO,NR_END,DS_COMPLEMENTO_END,DT_INICIO,DT_TERMINO,ST_END)
   VALUES (1,3,'35',NULL,TO_DATE ('05/10/2019' , 'DD/MM/YYYY'),NULL,'A');
COMMIT;

INSERT INTO T_MC_END_FUNC
   (CD_FUNCIONARIO,CD_LOGRADOURO,NR_END,DS_COMPLEMENTO_END,DT_INICIO,DT_TERMINO,ST_END)
   VALUES (7,7,'425',NULL,TO_DATE ('05/08/2021' , 'DD/MM/YYYY'),NULL,'A');
COMMIT;

INSERT INTO T_MC_END_FUNC
   (CD_FUNCIONARIO,CD_LOGRADOURO,NR_END,DS_COMPLEMENTO_END,DT_INICIO,DT_TERMINO,ST_END)
   VALUES (11,4,'25',NULL,TO_DATE ('10/11/2019' , 'DD/MM/YYYY'),NULL, 'A');
COMMIT;


-- (E) - INSERINDO CADASTRO CLIENTE

SELECT * FROM T_MC_CLIENTE;

INSERT INTO T_MC_CLIENTE
    (NR_CLIENTE,NM_CLIENTE,QT_ESTRELAS,VL_MEDIO_COMPRA,ST_CLIENTE,DS_EMAIL,NR_TELEFONE,NM_LOGIN,DS_SENHA)
    VALUES (SQ_NR_CLIENTE.NEXTVAL,'CARLOS HENRIQUE  CHAGAS  FERREIRA',1,NULL,'A','CHENRIQUE@HOTMAIL.COM','993484958','CHENRIQUE','256988');
COMMIT;

INSERT INTO T_MC_CLIENTE
    (NR_CLIENTE,NM_CLIENTE,QT_ESTRELAS,VL_MEDIO_COMPRA,ST_CLIENTE,DS_EMAIL,NR_TELEFONE,NM_LOGIN,DS_SENHA)
    VALUES (SQ_NR_CLIENTE.NEXTVAL,'NATALIA DE JESUS',1,NULL,'A','NJESUS@GMAIL.COM','993487077','NJESUS','337077');
COMMIT;

INSERT INTO T_MC_CLIENTE
    (NR_CLIENTE,NM_CLIENTE,QT_ESTRELAS,VL_MEDIO_COMPRA,ST_CLIENTE,DS_EMAIL,NR_TELEFONE,NM_LOGIN,DS_SENHA)
    VALUES (SQ_NR_CLIENTE.NEXTVAL,'DOROTI PARDINI',1,NULL,'A','DOROTIPARDINI@HOTMAIL.COM','995934129','DOROTIPARDINI','934130');
COMMIT;

INSERT INTO T_MC_CLIENTE
    (NR_CLIENTE,NM_CLIENTE,QT_ESTRELAS,VL_MEDIO_COMPRA,ST_CLIENTE,DS_EMAIL,NR_TELEFONE,NM_LOGIN,DS_SENHA)
    VALUES (SQ_NR_CLIENTE.NEXTVAL,'JOSE ERIBERTO MOREIRA DE SOUSA',1,NULL,'A','JOSERIBERTO@GAMIL.COM','997581111','JOSERIBERTO','975811');
COMMIT;

INSERT INTO T_MC_CLIENTE
    (NR_CLIENTE,NM_CLIENTE,QT_ESTRELAS,VL_MEDIO_COMPRA,ST_CLIENTE,DS_EMAIL,NR_TELEFONE,NM_LOGIN,DS_SENHA)
    VALUES (SQ_NR_CLIENTE.NEXTVAL,'DELIZA NEVES TEIXEIRA',1,NULL,'A','DELINEVES@GAMIL.COM','981528533','DELINEVES','815252');
COMMIT;

INSERT INTO T_MC_CLIENTE
    (NR_CLIENTE,NM_CLIENTE,QT_ESTRELAS,VL_MEDIO_COMPRA,ST_CLIENTE,DS_EMAIL,NR_TELEFONE,NM_LOGIN,DS_SENHA)
    VALUES (SQ_NR_CLIENTE.NEXTVAL,'ZILDO MENDES DE CASTRO',1,NULL,'A','ZILDOMENDES@HOTMAIL.COM','999233670','ZILDOMENDES','992336');
COMMIT;

INSERT INTO T_MC_CLIENTE
    (NR_CLIENTE,NM_CLIENTE,QT_ESTRELAS,VL_MEDIO_COMPRA,ST_CLIENTE,DS_EMAIL,NR_TELEFONE,NM_LOGIN,DS_SENHA)
    VALUES (SQ_NR_CLIENTE.NEXTVAL,'SIDNEI MACHADO DE OLIVEIRA',1,NULL,'A','SIDNEIMACHADOLIVEIRA@HOTMAIL.COM','999998888','SIDNEIMACHADO','894356');
COMMIT;

INSERT INTO T_MC_CLIENTE
    (NR_CLIENTE,NM_CLIENTE,QT_ESTRELAS,VL_MEDIO_COMPRA,ST_CLIENTE,DS_EMAIL,NR_TELEFONE,NM_LOGIN,DS_SENHA)
    VALUES (SQ_NR_CLIENTE.NEXTVAL,'JULIA LEMES DE LIMA',1,NULL,'A','JULIALEMES@GMAIL.COM','991848311','JULIALEMES','848311');
COMMIT;

INSERT INTO T_MC_CLIENTE
    (NR_CLIENTE,NM_CLIENTE,QT_ESTRELAS,VL_MEDIO_COMPRA,ST_CLIENTE,DS_EMAIL,NR_TELEFONE,NM_LOGIN,DS_SENHA)
    VALUES (SQ_NR_CLIENTE.NEXTVAL,'HAYDEE RAMOS DE CARIA',1,NULL,'A','HAYDEECARIA@GMAIL.COM','991071099','HAYDEECARIA','7109910');
COMMIT;

INSERT INTO T_MC_CLIENTE
    (NR_CLIENTE,NM_CLIENTE,QT_ESTRELAS,VL_MEDIO_COMPRA,ST_CLIENTE,DS_EMAIL,NR_TELEFONE,NM_LOGIN,DS_SENHA)
    VALUES (SQ_NR_CLIENTE.NEXTVAL,'KARLLA MARQUES XAVIER',1,NULL,'A','KARLLAMARQUES@GMAIL.COM','991162015','KARLLAMARQUES','971620');
COMMIT;

INSERT INTO T_MC_CLIENTE
    (NR_CLIENTE,NM_CLIENTE,QT_ESTRELAS,VL_MEDIO_COMPRA,ST_CLIENTE,DS_EMAIL,NR_TELEFONE,NM_LOGIN,DS_SENHA)
    VALUES (SQ_NR_CLIENTE.NEXTVAL,'AGIS EQUIPAMENTOS',1,NULL,'A','AGISEQUIPAMENTOS@GMAIL.COM','49116255','AGISEQUIPAMENTOS','147569');
COMMIT;

INSERT INTO T_MC_CLIENTE
    (NR_CLIENTE,NM_CLIENTE,QT_ESTRELAS,VL_MEDIO_COMPRA,ST_CLIENTE,DS_EMAIL,NR_TELEFONE,NM_LOGIN,DS_SENHA)
    VALUES (SQ_NR_CLIENTE.NEXTVAL,'ARMANI HOTEL LTDA EPP',1,NULL,'A','HARMANIHOTEL@HARMANIHOTEL.COM.BR','34252892','HARMANIHOTEL','478636');
COMMIT;

INSERT INTO T_MC_CLIENTE
    (NR_CLIENTE,NM_CLIENTE,QT_ESTRELAS,VL_MEDIO_COMPRA,ST_CLIENTE,DS_EMAIL,NR_TELEFONE,NM_LOGIN,DS_SENHA)
    VALUES (SQ_NR_CLIENTE.NEXTVAL,'CIA DIGITAL LTDA',1,NULL,'A','CIADIGITAL@CIADIGITAL.COM.BR','29262538','CIADIGITAL','362578');
COMMIT;

INSERT INTO T_MC_CLIENTE
    (NR_CLIENTE,NM_CLIENTE,QT_ESTRELAS,VL_MEDIO_COMPRA,ST_CLIENTE,DS_EMAIL,NR_TELEFONE,NM_LOGIN,DS_SENHA)
    VALUES (SQ_NR_CLIENTE.NEXTVAL,'ALLIANCE ADM LTDA',1,NULL,'A','ALLIANCE@ALIANCE.COM.BR','59262538','ALLIANCE','236988');
COMMIT;

INSERT INTO T_MC_CLIENTE
    (NR_CLIENTE,NM_CLIENTE,QT_ESTRELAS,VL_MEDIO_COMPRA,ST_CLIENTE,DS_EMAIL,NR_TELEFONE,NM_LOGIN,DS_SENHA)
    VALUES (SQ_NR_CLIENTE.NEXTVAL,'DALZAN HOTEL LTDA',1,NULL,'A','DALZANHOTAL@DALZANHOTEL.COM.BR','9953697','DALZANHOTEL','586947');
COMMIT;

-- (E) INCLUINDO DADOS CLIENTE PF

SELECT * FROM T_MC_CLI_FISICA;

INSERT INTO T_MC_CLI_FISICA
    (NR_CLIENTE,DT_NASCIMENTO,FL_SEXO_BIOLOGICO,DS_GENERO,NR_CPF)
    VALUES (1, TO_DATE ('10/05/1975','DD/MM/YYYY'),'M',NULL,'31193558899');
COMMIT;

INSERT INTO T_MC_CLI_FISICA
    (NR_CLIENTE,DT_NASCIMENTO,FL_SEXO_BIOLOGICO,DS_GENERO,NR_CPF)
    VALUES (2, TO_DATE ('29/02/1985','DD/MM/YYYY'),'F',NULL,'32045868888');
COMMIT;

INSERT INTO T_MC_CLI_FISICA
    (NR_CLIENTE,DT_NASCIMENTO,FL_SEXO_BIOLOGICO,DS_GENERO,NR_CPF)
    VALUES (3, TO_DATE ('02/03/1965','DD/MM/YYYY'),'F',NULL,'32045867768');
COMMIT;

INSERT INTO T_MC_CLI_FISICA
    (NR_CLIENTE,DT_NASCIMENTO,FL_SEXO_BIOLOGICO,DS_GENERO,NR_CPF)
    VALUES (4, TO_DATE ('15/04/1978','DD/MM/YYYY'),'M',NULL,'32045867768');
COMMIT;

INSERT INTO T_MC_CLI_FISICA
    (NR_CLIENTE,DT_NASCIMENTO,FL_SEXO_BIOLOGICO,DS_GENERO,NR_CPF)
    VALUES (5, TO_DATE ('30/07/1992','DD/MM/YYYY'),'F',NULL,'33746867743');
COMMIT;

INSERT INTO T_MC_CLI_FISICA
    (NR_CLIENTE,DT_NASCIMENTO,FL_SEXO_BIOLOGICO,DS_GENERO,NR_CPF)
    VALUES (6, TO_DATE ('30/07/1992','DD/MM/YYYY'),'M',NULL,'38042866896');
COMMIT;

INSERT INTO T_MC_CLI_FISICA
    (NR_CLIENTE,DT_NASCIMENTO,FL_SEXO_BIOLOGICO,DS_GENERO,NR_CPF)
    VALUES (7, TO_DATE ('19/12/1982','DD/MM/YYYY'),'M',NULL,'36032268696');
COMMIT;

INSERT INTO T_MC_CLI_FISICA
    (NR_CLIENTE,DT_NASCIMENTO,FL_SEXO_BIOLOGICO,DS_GENERO,NR_CPF)
    VALUES (8, TO_DATE ('15/05/1979','DD/MM/YYYY'),'F',NULL,'21032258638');
COMMIT;

INSERT INTO T_MC_CLI_FISICA
    (NR_CLIENTE,DT_NASCIMENTO,FL_SEXO_BIOLOGICO,DS_GENERO,NR_CPF)
    VALUES (9, TO_DATE ('25/09/1981','DD/MM/YYYY'),'F',NULL,'32032258621');
COMMIT;

INSERT INTO T_MC_CLI_FISICA
    (NR_CLIENTE,DT_NASCIMENTO,FL_SEXO_BIOLOGICO,DS_GENERO,NR_CPF)
    VALUES (10, TO_DATE ('16/11/1962','DD/MM/YYYY'),'F',NULL,'22033258523');
COMMIT;

-- (E) - INCLUINDO ENDEREÇO CLIENTE

SELECT *FROM T_MC_END_CLI

INSERT INTO T_MC_END_CLI
    (NR_CLIENTE,CD_LOGRADOURO_CLI,NR_END,DS_COMPLEMENTO_END,DT_INICIO,DT_TERMINO,ST_END)
    VALUES (1,1,452,NULL,TO_DATE('20/03/2019','DD/MM/YYYY'),NULL,'A');
COMMIT;

INSERT INTO T_MC_END_CLI
    (NR_CLIENTE,CD_LOGRADOURO_CLI,NR_END,DS_COMPLEMENTO_END,DT_INICIO,DT_TERMINO,ST_END)
    VALUES (2,5,52,NULL,TO_DATE('30/03/2020','DD/MM/YYYY'),NULL,'A');
COMMIT;

INSERT INTO T_MC_END_CLI
    (NR_CLIENTE,CD_LOGRADOURO_CLI,NR_END,DS_COMPLEMENTO_END,DT_INICIO,DT_TERMINO,ST_END)
    VALUES (3,6,2,NULL,TO_DATE('30/03/2020','DD/MM/YYYY'),NULL,'A');
COMMIT;

INSERT INTO T_MC_END_CLI
    (NR_CLIENTE,CD_LOGRADOURO_CLI,NR_END,DS_COMPLEMENTO_END,DT_INICIO,DT_TERMINO,ST_END)
    VALUES (4,10,2394,NULL,TO_DATE('15/10/2021','DD/MM/YYYY'),NULL,'A');
COMMIT;

INSERT INTO T_MC_END_CLI
    (NR_CLIENTE,CD_LOGRADOURO_CLI,NR_END,DS_COMPLEMENTO_END,DT_INICIO,DT_TERMINO,ST_END)
    VALUES (5,11,294,NULL,TO_DATE('25/09/2019','DD/MM/YYYY'),NULL,'A');
COMMIT;

INSERT INTO T_MC_END_CLI
    (NR_CLIENTE,CD_LOGRADOURO_CLI,NR_END,DS_COMPLEMENTO_END,DT_INICIO,DT_TERMINO,ST_END)
    VALUES (6,12,94,NULL,TO_DATE('02/05/2021','DD/MM/YYYY'),NULL,'A');
COMMIT;

INSERT INTO T_MC_END_CLI
    (NR_CLIENTE,CD_LOGRADOURO_CLI,NR_END,DS_COMPLEMENTO_END,DT_INICIO,DT_TERMINO,ST_END)
    VALUES (10,13,594,NULL,TO_DATE('05/05/2020','DD/MM/YYYY'),NULL,'A');
COMMIT;

INSERT INTO T_MC_END_CLI
    (NR_CLIENTE,CD_LOGRADOURO_CLI,NR_END,DS_COMPLEMENTO_END,DT_INICIO,DT_TERMINO,ST_END)
    VALUES (11,14,555,NULL,TO_DATE('10/02/2019','DD/MM/YYYY'),NULL,'A');
COMMIT;

INSERT INTO T_MC_END_CLI
    (NR_CLIENTE,CD_LOGRADOURO_CLI,NR_END,DS_COMPLEMENTO_END,DT_INICIO,DT_TERMINO,ST_END)
    VALUES (12,15,2357,NULL,TO_DATE('05/07/2021','DD/MM/YYYY'),NULL,'A');
COMMIT;

INSERT INTO T_MC_END_CLI
    (NR_CLIENTE,CD_LOGRADOURO_CLI,NR_END,DS_COMPLEMENTO_END,DT_INICIO,DT_TERMINO,ST_END)
    VALUES (13,16,1253,NULL,TO_DATE('16/09/2019','DD/MM/YYYY'),NULL,'A');
COMMIT;

INSERT INTO T_MC_END_CLI
    (NR_CLIENTE,CD_LOGRADOURO_CLI,NR_END,DS_COMPLEMENTO_END,DT_INICIO,DT_TERMINO,ST_END)
    VALUES (14,17,253,NULL,TO_DATE('25/10/2021','DD/MM/YYYY'),NULL,'A');
COMMIT;

INSERT INTO T_MC_END_CLI
    (NR_CLIENTE,CD_LOGRADOURO_CLI,NR_END,DS_COMPLEMENTO_END,DT_INICIO,DT_TERMINO,ST_END)
    VALUES (15,18,896,NULL,TO_DATE('09/03/2022','DD/MM/YYYY'),NULL,'A');
COMMIT;

INSERT INTO T_MC_END_CLI
    (NR_CLIENTE,CD_LOGRADOURO_CLI,NR_END,DS_COMPLEMENTO_END,DT_INICIO,DT_TERMINO,ST_END)
    VALUES (16,5,736,NULL,TO_DATE('21/03/2022','DD/MM/YYYY'),NULL,'A');
COMMIT;

-- INCLUINDO DADOS CLIENTE PJ

SELECT*FROM T_MC_CLI_JURIDICA;

INSERT INTO T_MC_CLI_JURIDICA
    (NR_CLIENTE,DT_FUNDACAO,NR_CNPJ,NR_INSCR_EST)
    VALUES (12,TO_DATE ('10/02/1995' , 'DD/MM/YYYY'),1548827600198,NULL);
COMMIT;

INSERT INTO T_MC_CLI_JURIDICA
    (NR_CLIENTE,DT_FUNDACAO,NR_CNPJ,NR_INSCR_EST)
    VALUES (13,TO_DATE ('30/05/2008' , 'DD/MM/YYYY'),28530084000189,NULL);
COMMIT;

INSERT INTO T_MC_CLI_JURIDICA
    (NR_CLIENTE,DT_FUNDACAO,NR_CNPJ,NR_INSCR_EST)
    VALUES (14,TO_DATE ('25/04/2001' , 'DD/MM/YYYY'),06088274000165,NULL);
COMMIT;

INSERT INTO T_MC_CLI_JURIDICA
    (NR_CLIENTE,DT_FUNDACAO,NR_CNPJ,NR_INSCR_EST)
    VALUES (15,TO_DATE ('19/12/2000' , 'DD/MM/YYYY'),61576795000166,NULL);
COMMIT;

INSERT INTO T_MC_CLI_JURIDICA
    (NR_CLIENTE,DT_FUNDACAO,NR_CNPJ,NR_INSCR_EST)
    VALUES (16,TO_DATE ('22/07/2010' , 'DD/MM/YYYY'),04438628000102,NULL);
COMMIT;

-- (F) - INSERINDO NOVO CLIENTE COM MESMO LOGIN
-- RESULTADO DA EXECUÇÃO: ERRO(ORA-00001: restrição exclusiva (RM93900.UN_NM_LOGIN) violada), NÃO FOI POSSÍVEL INCLUIR UM DADO JÁ EXISTENTE

INSERT INTO T_MC_CLIENTE
    (NR_CLIENTE,NM_CLIENTE,QT_ESTRELAS,VL_MEDIO_COMPRA,ST_CLIENTE,DS_EMAIL,NR_TELEFONE,NM_LOGIN,DS_SENHA)
    VALUES (SQ_NR_CLIENTE.NEXTVAL,'KARLLA OLIVEIRA MARQUES',1,NULL,'A','KARLLAOLIVEIRA@GMAIL.COM','991071099','KARLLAMARQUES','107192');
COMMIT;

-- (G) - INSERINDO CATEGORIAS DE PRODUTOS

SELECT * FROM T_MC_CATEGORIA_PROD; 

INSERT INTO T_MC_CATEGORIA_PROD
    (CD_CATEGORIA, TP_CATEGORIA ,
     DS_CATEGORIA,DT_INICIO,DT_TERMINO,ST_CATEGORIA)
    VALUES (SQ_CD_CATEGORIA.NEXTVAL,'P','ARTESANATO', TO_DATE ('01/10/2019','DD/MM/YYYY'),NULL,'A');
COMMIT;

INSERT INTO T_MC_CATEGORIA_PROD
    (CD_CATEGORIA, TP_CATEGORIA ,
     DS_CATEGORIA,DT_INICIO,DT_TERMINO,ST_CATEGORIA)
    VALUES (SQ_CD_CATEGORIA.NEXTVAL,'P','AUDIO', TO_DATE ('01/10/2019','DD/MM/YYYY'),NULL,'A');
COMMIT;

INSERT INTO T_MC_CATEGORIA_PROD
    (CD_CATEGORIA, TP_CATEGORIA ,
     DS_CATEGORIA,DT_INICIO,DT_TERMINO,ST_CATEGORIA)
    VALUES (SQ_CD_CATEGORIA.NEXTVAL,'P','BRINQUEDOS', TO_DATE ('01/10/2019','DD/MM/YYYY'),NULL,'A');
COMMIT;

INSERT INTO T_MC_CATEGORIA_PROD
    (CD_CATEGORIA, TP_CATEGORIA ,
     DS_CATEGORIA,DT_INICIO,DT_TERMINO,ST_CATEGORIA)
    VALUES (SQ_CD_CATEGORIA.NEXTVAL,'P','CELULAR E SMARTPHONE', TO_DATE ('10/11/2019','DD/MM/YYYY'),NULL,'A');
COMMIT;

INSERT INTO T_MC_CATEGORIA_PROD
    (CD_CATEGORIA, TP_CATEGORIA ,
     DS_CATEGORIA,DT_INICIO,DT_TERMINO,ST_CATEGORIA)
    VALUES (SQ_CD_CATEGORIA.NEXTVAL,'P','COLCHOES', TO_DATE ('10/11/2019','DD/MM/YYYY'),NULL,'A');
COMMIT;

INSERT INTO T_MC_CATEGORIA_PROD
    (CD_CATEGORIA, TP_CATEGORIA ,
     DS_CATEGORIA,DT_INICIO,DT_TERMINO,ST_CATEGORIA)
    VALUES (SQ_CD_CATEGORIA.NEXTVAL,'P','ESPORTE E LAZER', TO_DATE ('01/12/2019','DD/MM/YYYY'),NULL,'A');
COMMIT;

INSERT INTO T_MC_CATEGORIA_PROD
    (CD_CATEGORIA, TP_CATEGORIA ,
     DS_CATEGORIA,DT_INICIO,DT_TERMINO,ST_CATEGORIA)
    VALUES (SQ_CD_CATEGORIA.NEXTVAL,'P','FERRAMENTAS', TO_DATE ('01/12/2019','DD/MM/YYYY'),NULL,'A');
COMMIT;

INSERT INTO T_MC_CATEGORIA_PROD
    (CD_CATEGORIA, TP_CATEGORIA ,
     DS_CATEGORIA,DT_INICIO,DT_TERMINO,ST_CATEGORIA)
    VALUES (SQ_CD_CATEGORIA.NEXTVAL,'P','GAMES', TO_DATE ('13/01/2020','DD/MM/YYYY'),NULL,'A');
COMMIT;

INSERT INTO T_MC_CATEGORIA_PROD
    (CD_CATEGORIA, TP_CATEGORIA ,
     DS_CATEGORIA,DT_INICIO,DT_TERMINO,ST_CATEGORIA)
    VALUES (SQ_CD_CATEGORIA.NEXTVAL,'P','INFORMATICA', TO_DATE ('13/01/2020','DD/MM/YYYY'),NULL,'A');
COMMIT;

INSERT INTO T_MC_CATEGORIA_PROD
    (CD_CATEGORIA, TP_CATEGORIA ,
     DS_CATEGORIA,DT_INICIO,DT_TERMINO,ST_CATEGORIA)
    VALUES (SQ_CD_CATEGORIA.NEXTVAL,'P','LIVROS', TO_DATE ('13/01/2020','DD/MM/YYYY'),NULL,'A');
COMMIT;

INSERT INTO T_MC_CATEGORIA_PROD
    (CD_CATEGORIA, TP_CATEGORIA ,
     DS_CATEGORIA,DT_INICIO,DT_TERMINO,ST_CATEGORIA)
    VALUES (SQ_CD_CATEGORIA.NEXTVAL,'P','PETSHOP', TO_DATE ('01/02/2020','DD/MM/YYYY'),NULL,'A');
COMMIT;

INSERT INTO T_MC_CATEGORIA_PROD
    (CD_CATEGORIA, TP_CATEGORIA ,
     DS_CATEGORIA,DT_INICIO,DT_TERMINO,ST_CATEGORIA)
    VALUES (SQ_CD_CATEGORIA.NEXTVAL,'P','TV', TO_DATE ('01/02/2020','DD/MM/YYYY'),NULL,'A');
COMMIT;

INSERT INTO T_MC_CATEGORIA_PROD
    (CD_CATEGORIA, TP_CATEGORIA ,
     DS_CATEGORIA,DT_INICIO,DT_TERMINO,ST_CATEGORIA)
    VALUES (SQ_CD_CATEGORIA.NEXTVAL,'P','UTILIDADES DOMESTICAS', TO_DATE ('01/02/2020','DD/MM/YYYY'),NULL,'A');
COMMIT;


-- (H)- INSERINDO CATEGORIAS DE VIDEO

SELECT *FROM T_MC_CATEGORIA_PROD;

INSERT INTO T_MC_CATEGORIA_PROD
    (CD_CATEGORIA, TP_CATEGORIA ,
     DS_CATEGORIA,DT_INICIO,DT_TERMINO,ST_CATEGORIA)
    VALUES (SQ_CD_CATEGORIA.NEXTVAL,'V','INSTALACAO DO PRODUTO', TO_DATE ('20/03/2021','DD/MM/YYYY'),NULL,'A');
COMMIT;

INSERT INTO T_MC_CATEGORIA_PROD
    (CD_CATEGORIA, TP_CATEGORIA ,
     DS_CATEGORIA,DT_INICIO,DT_TERMINO,ST_CATEGORIA)
    VALUES (SQ_CD_CATEGORIA.NEXTVAL,'V','USO NO COTIDIANO', TO_DATE ('05/02/2022','DD/MM/YYYY'),NULL,'A');
COMMIT;

INSERT INTO T_MC_CATEGORIA_PROD
    (CD_CATEGORIA, TP_CATEGORIA ,
     DS_CATEGORIA,DT_INICIO,DT_TERMINO,ST_CATEGORIA)
    VALUES (SQ_CD_CATEGORIA.NEXTVAL,'V','COMERCIAL COM PERSONALIDADE', TO_DATE ('15/03/2022','DD/MM/YYYY'),NULL,'A');
COMMIT;

-- (I) - INSERINDO PRODUTOS

SELECT * FROM T_MC_PRODUTO;

INSERT INTO T_MC_PRODUTO
    (CD_PRODUTO,CD_CATEGORIA,DS_PRODUTO,VL_UNITARIO,DS_COMPLETA_PROD)
    VALUES (SQ_CD_PRODUTO.NEXTVAL,3,'BONECA BARBIE BAILARINA',54.99,'BONECA BARBIE BAILARINA MATTEL REFERENCIA GJL58 MODELO BAILARINA LINHA BARBIE GENERO MENINA IDADE RECOMENDADA 3 ANOS a 4 ANOS CARACTERISTICAS ARTICULADO ALTURA 32.5cm COR COLORIDO INMETRO 0012801A PESO do PRODUTO COM EMBALAGEM 109g DIMENSOES DO PRODUTO COM EMBALAGEM LARGURA 19.05cm  ALTURA 33.66cm PROFUNDIDADE 29.22cm PRAZO DE GARANTIA 03 MESES DE GARANTIA LEGAL
CONTEUDO DA EMBALAGEM 01 BONECA BARBIE');
COMMIT;

INSERT INTO T_MC_PRODUTO
    (CD_PRODUTO,CD_CATEGORIA,DS_PRODUTO,VL_UNITARIO,DS_COMPLETA_PROD)
    VALUES (SQ_CD_PRODUTO.NEXTVAL,7,'MAQUINA DE SOLDA INVERSORA 130a MMA TIN130 TRATO - 220V',332.64,'FAIXA DE AMPERAGEM DE 30 a À 130 a ARCO DE FACIL ABERTURA RESULTANDO NUMA SOLDAGEM ESTAVEL e UNIFORME SOLDA em CORRENTE CONTÍNUA ELETRODOS DE ATÉ 2.5 MM BAIXO CONSUMO DE ENERGIA
PESO DE 2,5 KG POSSUI ALÇA PARA CARREGAMENTO SISTEMA DE PROTEÇÃO CONTRA SUPERAQUECIMENTO');
COMMIT;

INSERT INTO T_MC_PRODUTO
    (CD_PRODUTO,CD_CATEGORIA,DS_PRODUTO,VL_UNITARIO,DS_COMPLETA_PROD)
    VALUES (SQ_CD_PRODUTO.NEXTVAL,4,'IPHONE 11 APPLE 128GB',3989.05,'MARCA APPLE REFERÊNCIA MHDH3BR/a MODELO IPHONE 11 128GB - PRETO LINHA IPHONE 11 COR PRETO MEMÓRIA INTERNA 128GB TIPO DE TELA LCD LIQUID RETINA HD TAMANHO DA TELA 6,1');
COMMIT;

INSERT INTO T_MC_PRODUTO
    (CD_PRODUTO,CD_CATEGORIA,DS_PRODUTO,VL_UNITARIO,DS_COMPLETA_PROD)
    VALUES (SQ_CD_PRODUTO.NEXTVAL,12,'SMART TV 50” CRYSTAL 4K SAMSUNG 50AU7700',2999.00,'MARCA	SAMSUNG REFERÊNCIA	UN50AU7700GXZD MODELO	UN50AU7700GXZD POLEGADAS 50" RESOLUÇÃO 4K TIPO DE PAINEL VA TECNOLOGIA CRYSTAL 4K RECURSOS SMART FREQUÊNCIA 60HZ SISTEMA OPERACIONAL TIZEN CONECTIVIDADE WI-FI - BLUETOOTH 4.2 CONEXÕES 3 HDMI - 1 USB - 1 LAN - 1 ANTENA PROCESSADOR CRYSTAL 4K
CONTROLE REMOTO');
COMMIT;

INSERT INTO T_MC_PRODUTO
    (CD_PRODUTO,CD_CATEGORIA,DS_PRODUTO,VL_UNITARIO,DS_COMPLETA_PROD)
    VALUES (SQ_CD_PRODUTO.NEXTVAL,13,'JOGO DE PANELAS BRINOX REVESTIMENTO CERÂMICO',699.00,'MARCA BRINOX REFERÊNCIA 4790/405 MODELO CERAMIC LIFE LINHA SELECT MARBLE REVESTIMENTO INTERNO CERÂMICO REVESTIMENTO EXTERNO PINTURA SILICONADA
MATERIAL ALUMÍNIO QUANTIDADE DE PEÇAS 8');
COMMIT;

-- (J) - INSERINDO VIDEOS DE PRODUTOS

INSERT INTO T_MC_SGV_PRODUTO_VIDEO
    (CD_PRODUTO,NR_SEQUENCIA,CD_CATEGORIA,VD_PRODUTO,TP_VIDEO_PROD,DS_PATH_VIDEO_PROD,ST_VIDEO_PROD)
    VALUES (3,1,4,NULL,NULL,NULL,NULL);
COMMIT;

INSERT INTO T_MC_SGV_PRODUTO_VIDEO
    (CD_PRODUTO,NR_SEQUENCIA,CD_CATEGORIA,VD_PRODUTO,TP_VIDEO_PROD,DS_PATH_VIDEO_PROD,ST_VIDEO_PROD)
    VALUES (5,1,7,NULL,NULL,NULL,NULL);
COMMIT;

INSERT INTO T_MC_SGV_PRODUTO_VIDEO
    (CD_PRODUTO,NR_SEQUENCIA,CD_CATEGORIA,VD_PRODUTO,TP_VIDEO_PROD,DS_PATH_VIDEO_PROD,ST_VIDEO_PROD)
    VALUES (4,1,4,NULL,NULL,NULL,NULL);
COMMIT;

SELECT * FROM T_MC_SGV_PRODUTO_VIDEO;

-- (K) - INSERINDO VISUALIZACAO VIDEOS DE PRODUTOS

INSERT INTO T_MC_SGV_VISUALIZACAO_VIDEO
    (CD_VISUALIZACAO_VIDEO,NR_CLIENTE,CD_PRODUTO,DT_VISUALIZACAO,NR_HORA_VISUALIZACAO,NR_MINUTO_VIDEO,NR_SEGUNDO_VIDEO)
    VALUES (1,5,3,TO_DATE ('15/02/2020','DD/MM/YYYY'),0.5,30,30);
COMMIT;

INSERT INTO T_MC_SGV_VISUALIZACAO_VIDEO
    (CD_VISUALIZACAO_VIDEO,NR_CLIENTE,CD_PRODUTO,DT_VISUALIZACAO,NR_HORA_VISUALIZACAO,NR_MINUTO_VIDEO,NR_SEGUNDO_VIDEO)
    VALUES (2,6,7,TO_DATE ('20/05/2021','DD/MM/YYYY'),1,60,60);
COMMIT;

SELECT * FROM T_MC_SGV_VISUALIZACAO_VIDEO;

-- (L) - INSERINDO CATEGORIA DE PRODUTO INATIVA

SELECT * FROM T_MC_CATEGORIA_PROD;

INSERT INTO T_MC_CATEGORIA_PROD
    (CD_CATEGORIA, TP_CATEGORIA ,
     DS_CATEGORIA,DT_INICIO,DT_TERMINO,ST_CATEGORIA)
    VALUES (SQ_CD_CATEGORIA.NEXTVAL,'P','INSTRUMENTOS MUSICAIS', TO_DATE ('01/10/2019','DD/MM/YYYY'),NULL,'I');
COMMIT;

-- (M) - INSERINDO PRODUTO INATIVO

SELECT * FROM T_MC_PRODUTO;

INSERT INTO T_MC_PRODUTO
    (CD_PRODUTO,CD_CATEGORIA,NR_CD_BARRAS_PROD,DS_PRODUTO,VL_UNITARIO,TP_EMBALAGEM,ST_PRODUTO,VL_PERC_LUCRO,DS_COMPLETA_PROD)
    VALUES (SQ_CD_PRODUTO.NEXTVAL,3,NULL,'BARBIE DREAMTOPIA SEREIA',54.99,NULL,'I',NULL,'BONECA BARBIE SEREIA MATTEL REFERENCIA GJL58 MODELO SEREIA LINHA BARBIE GENERO MENINA IDADE RECOMENDADA 3 ANOS a 4 ANOS CARACTERISTICAS ARTICULADO ALTURA 32.5cm COR COLORIDO INMETRO 0012801A PESO do PRODUTO COM EMBALAGEM 109g DIMENSOES DO PRODUTO COM EMBALAGEM LARGURA 19.05cm  ALTURA 33.66cm PROFUNDIDADE 29.22cm PRAZO DE GARANTIA 03 MESES DE GARANTIA LEGAL
CONTEUDO DA EMBALAGEM 01 BONECA BARBIE');
COMMIT;

-- (N) - ATUALIZANDO CARGO E SALARIO FUNCIONARIO

SELECT * FROM T_MC_FUNCIONARIO;

UPDATE T_MC_FUNCIONARIO
   SET DS_CARGO = 'ESTOQUISTA',
       VL_SALARIO = VL_SALARIO * 1.12
 WHERE CD_FUNCIONARIO = 5;
 
SELECT * FROM T_MC_FUNCIONARIO;

-- (O) - ATUALIZANDO NOME DEPARTAMENTO

SELECT *FROM T_MC_DEPTO;

UPDATE T_MC_DEPTO
    SET NM_DEPTO = 'RECURSOS HUMANOS'
    WHERE cd_depto = 6;

-- (P) - ATUALIZANDO DATA NASCIMENTO CLIENTE

SELECT * FROM T_MC_CLI_FISICA;

UPDATE T_MC_CLI_FISICA
    SET  DT_NASCIMENTO =  '18/05/2002'
WHERE NR_CLIENTE = 5;
    
-- (Q) - DESATIVANDO FUNCIONÁRIO

SELECT * FROM T_MC_FUNCIONARIO;

UPDATE T_MC_FUNCIONARIO
    SET ST_FUNC = 'I' , DT_DESLIGAMENTO = SYSDATE
WHERE CD_FUNCIONARIO = 10;

-- (R) - ATUALIZANDO DESCRIÇÃO DE RETORNO SAC

INSERT INTO T_MC_SGV_SAC
    (NR_SAC,NR_CLIENTE,CD_PRODUTO,CD_FUNCIONARIO,DS_DETALHADA_SAC,DT_ABERTURA_SAC,HR_ABERTURA_SAC,
    DT_ATENDIMENTO,HR_ATENDIMENTO_SAC,NR_TEMPO_TOTAL_SAC,DS_DETALHADA_RETORNO_SAC,TP_SAC,ST_SAC,NR_INDICE_SATISFACAO)
    VALUES (SQ_NR_SAC.NEXTVAL,8,8,17,NULL,'01/03/2022',NULL,NULL,13,0.2,'Luiz Fabiano bom dia,Agradecemos seu contato e lamentamos ocorrido. Para que possamos encaminhar 
    a sua solicitação para análise do nosso Departamento de Qualidade,  solicitamos a gentileza de nos enviar foto do produto para identificação da marca e suposto defeito. 
    Requisitamos também a cópia da nota fiscal para visualizarmos data e local de compra. Aguardamos o seu retorno e nos colocamos, 
    desde já, à disposição no caso de dúvidas e informações complementares','D','E',NULL);
COMMIT;

SELECT*FROM T_MC_CLIENTE;
SELECT*FROM T_MC_PRODUTO;
SELECT*FROM T_MC_FUNCIONARIO;
SELECT * FROM T_MC_SGV_SAC;

-- (S) - ALTERANDO STATUS DE ENDEREÇO CLIENTE

SELECT * FROM T_MC_END_CLI;

UPDATE T_MC_END_CLI
   SET ST_END = 'I',
   DT_TERMINO = SYSDATE - 1
WHERE NR_CLIENTE = 2;

-- (T) - ELIMINADO ESTADO COM CIDADE CADASTRADA
-- RESULTADO DA EXECUÇÃO: ERRO:ORA-02292: restrição de integridade (RM93900.FK_MC_CIDADE_ESTADO) violada - registro filho localizado. NÃO FOI POSSIVEL ELIMINAR DEVIDO RESTRIÇÃO DE INTEGRIDADE

DELETE FROM T_MC_ESTADO
   WHERE SG_ESTADO = 'SP'

-- (U) - ATUALIZANDO O STATUS DO PRODUTO COM VALOR X
-- RESULTADO DA EXECUÇÃO: FOI POSSIVEL REALIZAR A ATUALIZAÇÃO. EMBORA NA DESCRIÇÃO DOS COMENTÁRIOS O STATUS DO PRODUTO DEVA SER 'A' OU 'I', QUALQUER DADO DO TIPO CHAR 1 SERÁ ACEITO

SELECT * FROM T_MC_PRODUTO;

UPDATE T_MC_PRODUTO
    SET ST_PRODUTO = 'X'
WHERE CD_PRODUTO = 2;
